Area,MajorAxisLength,MinorAxisLength,Eccentricity,ConvexArea,Extent,Perimeter,Class
87524,442.246011,253.291155,0.819738,90546,0.758651,1184.04,Kecimen
75166,406.690687,243.032436,0.801805,78789,0.68413,1121.786,Kecimen
90856,442.267048,266.328318,0.798354,93717,0.637613,1208.575,Kecimen
45928,286.540559,208.760042,0.684989,47336,0.699599,844.162,Kecimen
79408,352.19077,290.827533,0.564011,81463,0.792772,1073.251,Kecimen
49242,318.125407,200.12212,0.777351,51368,0.658456,881.836,Kecimen
42492,310.146072,176.131449,0.823099,43904,0.665894,823.796,Kecimen
60952,332.455472,235.429835,0.706058,62329,0.743598,933.366,Kecimen
42256,323.189607,172.575926,0.845499,44743,0.698031,849.728,Kecimen
64380,366.964842,227.771615,0.784056,66125,0.664376,981.544,Kecimen
80437,449.454581,232.325506,0.856043,84460,0.674236,1176.305,Kecimen
43725,301.322218,186.950629,0.784258,45021,0.697068,818.873,Kecimen
43441,276.610829,201.813135,0.683882,45133,0.690856,803.748,Kecimen
76792,338.857545,291.359202,0.510584,78842,0.772322,1042.77,Kecimen
74167,387.798931,247.858123,0.76909,76807,0.680182,1084.729,Kecimen
33565,261.554331,167.708491,0.767374,35794,0.681551,751.413,Kecimen
64670,403.083975,206.484644,0.858829,66419,0.756773,1028.445,Kecimen
64762,354.29394,235.752463,0.746474,66713,0.694998,981.509,Kecimen
43295,304.284467,182.811037,0.799407,44714,0.713838,814.68,Kecimen
70699,418.698572,216.596054,0.855799,72363,0.728075,1061.321,Kecimen
69726,354.176912,252.529208,0.701161,71849,0.734399,1035.501,Kecimen
57346,330.478438,222.443748,0.739555,59365,0.723609,928.272,Kecimen
82028,397.114976,268.333773,0.737169,84427,0.686375,1106.355,Kecimen
61251,301.50779,273.659941,0.419754,64732,0.643596,971.769,Kecimen
96277,447.134523,275.216154,0.788128,97865,0.704057,1181.921,Kecimen
75620,368.224284,263.459255,0.698627,77493,0.726277,1059.186,Kecimen
73167,340.055218,276.015177,0.584106,74545,0.778737,1010.474,Kecimen
60847,336.92387,231.465696,0.72666,62492,0.698588,964.603,Kecimen
81021,347.750058,297.640626,0.517135,82552,0.75756,1063.868,Kecimen
59902,358.591915,222.902027,0.783332,63250,0.744124,982.788,Kecimen
88745,429.770355,265.690236,0.786009,90715,0.752064,1162.877,Kecimen
41809,307.532739,175.085568,0.822114,43838,0.697444,828.697,Kecimen
75329,364.23078,265.866864,0.68351,77541,0.72308,1075.792,Kecimen
61600,350.182754,225.842771,0.764243,63397,0.74683,972.472,Kecimen
46427,253.842028,235.906824,0.369212,48275,0.684219,844.312,Kecimen
40861,249.740227,213.573272,0.518328,43096,0.743089,784.912,Kecimen
55827,305.298843,234.661225,0.639696,57724,0.703288,926.095,Kecimen
54182,366.066674,192.013274,0.851391,56450,0.611418,968.729,Kecimen
77468,405.936594,245.989798,0.795479,79220,0.721545,1100.676,Kecimen
49882,287.264327,222.185873,0.633852,50880,0.766378,843.764,Kecimen
95245,397.094114,307.273922,0.633422,97988,0.753044,1201.39,Kecimen
71464,364.10309,253.796927,0.717026,73265,0.715484,1036.94,Kecimen
77055,375.250132,262.812422,0.713784,79255,0.732267,1095.283,Kecimen
92384,368.406214,320.714579,0.492087,93772,0.749007,1135.662,Kecimen
77310,436.529899,228.280372,0.852367,80138,0.631721,1141.189,Kecimen
57580,330.228375,232.055387,0.711475,60232,0.645103,992.114,Kecimen
69708,375.44728,239.132775,0.770924,71321,0.727178,1022.568,Kecimen
41502,260.512675,205.865024,0.61281,43114,0.824319,790.427,Kecimen
45800,330.008683,181.665865,0.834843,47802,0.732683,870.387,Kecimen
52623,311.996758,218.041123,0.715261,54175,0.675191,902.624,Kecimen
44939,317.616712,183.315215,0.816632,46400,0.656178,845.786,Kecimen
114648,508.128933,288.953981,0.822571,118314,0.681905,1340.897,Kecimen
65727,403.194272,210.073264,0.853543,67372,0.616981,1030.155,Kecimen
45683,333.262532,177.772096,0.845844,48787,0.634231,901.102,Kecimen
111450,478.310971,298.630592,0.78115,113256,0.690093,1298.188,Kecimen
47581,306.811875,203.097502,0.749538,49203,0.667775,861.58,Kecimen
57127,311.644578,238.641921,0.643138,59943,0.693626,952.023,Kecimen
53006,333.38137,206.880708,0.784165,55456,0.691695,936.371,Kecimen
69060,328.488861,275.888865,0.542783,72223,0.727024,1039.551,Kecimen
25387,225.629541,144.618672,0.767577,26139,0.678144,619.074,Kecimen
66774,348.557975,246.476257,0.707082,69097,0.692446,1003.374,Kecimen
47839,312.601329,198.751299,0.771855,50166,0.702771,868.06,Kecimen
78571,443.822291,228.757615,0.856934,81718,0.642193,1157.33,Kecimen
64717,342.57671,245.732037,0.696759,66649,0.662541,997.989,Kecimen
60462,373.342846,208.108626,0.830231,62213,0.665683,990.547,Kecimen
59370,345.949205,221.921957,0.767134,61464,0.697486,981.517,Kecimen
54056,332.267641,208.619016,0.778323,55539,0.674553,912.153,Kecimen
89235,443.515935,258.946739,0.811862,91201,0.655191,1179.694,Kecimen
51727,321.127142,208.766758,0.759843,52913,0.75189,903.308,Kecimen
71595,387.309695,236.751185,0.791421,74045,0.718537,1069.77,Kecimen
95347,451.526154,280.226153,0.784111,99256,0.674956,1255.245,Kecimen
60449,383.80025,208.168783,0.840128,64346,0.676345,1054.198,Kecimen
69006,379.317846,241.850291,0.770374,72895,0.697453,1086.857,Kecimen
68520,373.235638,237.041523,0.772431,70759,0.712859,1049.093,Kecimen
52731,309.977286,219.725353,0.705366,54438,0.69588,894.48,Kecimen
50570,311.344795,208.317898,0.743181,51743,0.720863,873.777,Kecimen
75825,391.204301,248.500271,0.772332,77437,0.74537,1081.339,Kecimen
42637,293.42958,189.432158,0.763693,44052,0.725119,814.182,Kecimen
76984,425.048186,233.973442,0.834859,78641,0.758755,1091.754,Kecimen
47851,323.152519,191.610962,0.805245,49187,0.773237,860.402,Kecimen
51220,328.647605,202.508875,0.787599,52903,0.692471,896.728,Kecimen
53890,331.08632,216.579456,0.756367,57109,0.704444,957.132,Kecimen
58650,346.338958,219.684365,0.773083,62380,0.660287,991.612,Kecimen
98935,387.516938,326.898724,0.537015,100747,0.740421,1176.6,Kecimen
77587,396.807566,251.94492,0.77257,79970,0.703865,1100.836,Kecimen
180898,843.956653,323.190569,0.92377,221396,0.454189,2253.557,Kecimen
71266,390.707154,235.686803,0.797566,73002,0.660629,1034.183,Kecimen
39457,267.556941,188.765166,0.708696,40472,0.697576,755.822,Kecimen
35237,267.553779,173.525103,0.761162,37418,0.706832,750.909,Kecimen
49059,301.800398,210.467215,0.716709,50835,0.698607,867.582,Kecimen
53896,319.072023,217.695701,0.731093,55392,0.745945,889.626,Kecimen
56469,325.341425,225.115024,0.72196,58697,0.685736,933.896,Kecimen
85156,422.279133,260.210623,0.787586,87057,0.702561,1140.684,Kecimen
67044,361.255372,238.226446,0.751757,68626,0.756944,989.016,Kecimen
52243,331.451147,206.759599,0.781583,55774,0.714434,934.547,Kecimen
38968,269.402021,185.727568,0.724374,40147,0.737583,769.242,Kecimen
79661,360.073447,282.739032,0.619209,81032,0.779157,1045.658,Kecimen
59282,329.242566,233.774649,0.704164,60580,0.725926,920.573,Kecimen
48177,305.784503,202.466194,0.749397,49877,0.677643,860.548,Kecimen
74904,342.89631,280.115568,0.576765,75898,0.731742,1012.365,Kecimen
81581,424.278315,245.507474,0.815578,83143,0.762382,1114.736,Kecimen
57820,376.191174,199.797108,0.847306,59968,0.71478,978.85,Kecimen
57808,309.971657,241.366511,0.62743,58954,0.710347,911.857,Kecimen
55306,353.154609,204.126836,0.81603,57396,0.74399,973.259,Kecimen
59459,347.155155,222.109478,0.768542,61585,0.709619,966.329,Kecimen
44247,319.790308,178.647943,0.82941,45872,0.677637,842.121,Kecimen
48945,269.370411,239.162166,0.460121,51456,0.711244,872.289,Kecimen
68864,343.676209,261.988439,0.64721,71726,0.698347,1035.022,Kecimen
82826,396.705912,269.762855,0.733205,84981,0.745435,1115.811,Kecimen
65396,331.538445,253.242966,0.645403,66783,0.76483,975.425,Kecimen
81572,393.716176,265.814612,0.737687,84964,0.698271,1187.338,Kecimen
44367,322.504019,176.708973,0.836526,46531,0.733,883.973,Kecimen
51448,328.289568,202.16037,0.787903,52772,0.704806,877.799,Kecimen
50545,286.871332,227.159717,0.610713,51771,0.835455,847.664,Kecimen
94063,448.121097,276.607844,0.786758,99085,0.709294,1259.451,Kecimen
84129,413.03456,261.643086,0.773771,86242,0.713835,1144.973,Kecimen
79735,410.997919,250.220787,0.793314,83306,0.749044,1154.54,Kecimen
90176,390.207341,294.762239,0.655265,91793,0.762549,1136.669,Kecimen
61492,356.426022,224.163105,0.777471,65298,0.690844,1013.202,Kecimen
79532,367.526006,277.224162,0.656532,81603,0.735114,1075.271,Kecimen
69302,354.963667,254.452771,0.697236,71843,0.701153,1051.02,Kecimen
52266,320.442561,213.8575,0.744716,54116,0.684289,923.19,Kecimen
51180,288.631065,226.630491,0.619254,52396,0.737443,855.997,Kecimen
55787,333.703453,226.951208,0.733121,59520,0.688592,977.425,Kecimen
96064,411.207053,303.232452,0.675434,99609,0.731331,1223.904,Kecimen
54316,351.805261,198.41752,0.825776,55960,0.655895,930.627,Kecimen
70941,326.011154,278.10266,0.521835,72330,0.760109,993.05,Kecimen
55770,293.58067,243.480634,0.558732,57633,0.740166,900.109,Kecimen
47478,299.818583,205.296095,0.728793,48900,0.720915,861.179,Kecimen
88197,473.28669,238.738453,0.863455,90297,0.658457,1193.28,Kecimen
74728,355.310549,270.740897,0.647596,76287,0.766677,1048.675,Kecimen
70788,362.65077,249.403725,0.725972,71954,0.746158,1003.769,Kecimen
48894,318.098911,197.495503,0.78392,50468,0.663816,875.174,Kecimen
52051,313.70326,213.631738,0.732284,53550,0.695051,893.451,Kecimen
53270,336.148888,204.307075,0.7941,55288,0.693692,922.011,Kecimen
57227,354.43108,207.594986,0.810518,59307,0.649982,953.496,Kecimen
97026,455.971591,273.05381,0.800869,99561,0.671205,1212.667,Kecimen
58495,368.739543,205.757871,0.829839,61496,0.630103,998.437,Kecimen
53758,359.531612,193.400877,0.842993,57197,0.710295,965.068,Kecimen
110616,461.144553,306.899065,0.746384,112150,0.752398,1252.875,Kecimen
49175,281.431421,224.485896,0.603111,50672,0.727613,845.128,Kecimen
53698,348.223231,197.752897,0.823104,56089,0.731341,938.705,Kecimen
73125,408.940773,231.219001,0.82481,75540,0.656513,1096.751,Kecimen
50445,308.358912,208.855245,0.735696,51555,0.723226,851.632,Kecimen
46742,303.555203,199.445933,0.753861,48077,0.705263,847.792,Kecimen
69317,393.398997,228.722883,0.813617,72170,0.661674,1066.388,Kecimen
75314,392.651558,246.075672,0.779259,77118,0.704712,1073.768,Kecimen
54428,339.114749,206.645826,0.792887,56175,0.723392,922.878,Kecimen
39509,286.231563,180.43736,0.776279,41446,0.722972,790.531,Kecimen
66568,342.250361,249.5505,0.684358,68078,0.759917,993.455,Kecimen
45264,290.58836,203.319142,0.714455,48142,0.656914,879.832,Kecimen
57980,336.312888,222.609766,0.749581,59311,0.777295,925.795,Kecimen
75114,368.730119,262.474472,0.702348,77454,0.740915,1051.266,Kecimen
78991,362.64087,279.09084,0.638518,80355,0.708897,1071.385,Kecimen
76253,364.22557,269.516792,0.672637,78443,0.724288,1070.053,Kecimen
83229,423.844374,253.809071,0.800879,86345,0.653494,1153.434,Kecimen
45962,251.133384,235.368076,0.34873,47173,0.74228,810.195,Kecimen
57766,344.737416,215.109784,0.781439,59834,0.737583,950.721,Kecimen
39669,252.748198,202.26436,0.599653,41860,0.66304,791.464,Kecimen
41050,316.841636,167.328334,0.849174,42965,0.641186,846.833,Kecimen
47771,311.524987,197.090849,0.774426,49237,0.683409,857.776,Kecimen
53389,301.845898,228.516699,0.653341,55158,0.715747,906.666,Kecimen
73319,392.362666,239.188485,0.792701,75653,0.709568,1075.279,Kecimen
91831,463.357872,257.951128,0.830714,95560,0.71037,1252.762,Kecimen
71452,397.961427,239.79878,0.798068,73864,0.751833,1101.502,Kecimen
59970,353.001625,219.682942,0.782756,61834,0.755823,978.631,Kecimen
51683,325.239868,208.914825,0.766419,54510,0.728443,928.217,Kecimen
41283,268.125361,199.635401,0.667556,42505,0.732384,798.515,Kecimen
92735,436.985567,271.578785,0.783428,94693,0.704122,1183.447,Kecimen
44627,297.259323,194.760278,0.755467,46921,0.675185,848.487,Kecimen
84260,411.397364,262.974099,0.769023,85978,0.686783,1157.001,Kecimen
59076,350.487195,216.679324,0.786003,61643,0.645498,988.273,Kecimen
58741,345.485448,222.381845,0.765295,60701,0.714819,948.233,Kecimen
68627,411.888524,216.894,0.850123,70932,0.738242,1097.292,Kecimen
51941,349.22617,191.817334,0.835649,53893,0.708995,912.259,Kecimen
77161,394.278392,253.21136,0.766525,82746,0.6719,1127.409,Kecimen
85105,382.289992,288.758407,0.655335,88056,0.776945,1139.446,Kecimen
52508,297.696901,226.251948,0.649914,53588,0.756164,862.778,Kecimen
39941,251.847736,208.468148,0.56109,41594,0.707572,777.663,Kecimen
48693,306.573907,204.280621,0.745653,50298,0.740128,848.422,Kecimen
87858,441.224088,255.662225,0.815016,90905,0.708727,1176.287,Kecimen
67718,373.924098,233.233205,0.781628,71102,0.736994,1024.993,Kecimen
63968,333.012421,247.888546,0.667754,65403,0.757,953.445,Kecimen
43461,333.70592,169.309533,0.861733,45669,0.677934,867.446,Kecimen
81546,381.348654,273.810099,0.696038,82807,0.71172,1057.448,Kecimen
43563,296.522161,188.195714,0.772778,45174,0.696284,817.41,Kecimen
36145,280.757653,166.59355,0.804929,37401,0.812265,747.161,Kecimen
57741,316.484029,234.283629,0.67231,58976,0.712711,906.829,Kecimen
69024,372.821987,237.659818,0.770482,70649,0.721043,1015.771,Kecimen
78982,421.161849,241.640413,0.819032,81442,0.753437,1102.423,Kecimen
78240,401.930088,249.831371,0.783351,79677,0.757993,1059.644,Kecimen
87036,384.969903,289.453901,0.659292,88336,0.727896,1094.59,Kecimen
37569,232.427848,208.152006,0.44495,38874,0.794371,734.102,Kecimen
79748,441.934293,231.717531,0.851518,81718,0.738448,1120.963,Kecimen
44156,307.706982,186.092424,0.796399,45285,0.633606,820.714,Kecimen
87302,392.910117,284.179068,0.690568,89605,0.738246,1122.16,Kecimen
69312,373.803105,237.194577,0.772887,70719,0.706156,1001.236,Kecimen
86545,350.127874,315.71952,0.432307,87512,0.785887,1070.062,Kecimen
59729,337.043475,231.809235,0.725926,62511,0.683711,966.438,Kecimen
59822,336.58407,227.949539,0.735759,60648,0.700287,916.044,Kecimen
63452,334.845988,243.236481,0.687258,64925,0.735317,945.523,Kecimen
61996,333.74764,243.540245,0.683753,63641,0.673138,958.627,Kecimen
74763,391.227169,245.54202,0.77852,77508,0.686113,1063.377,Kecimen
73193,401.072302,235.828993,0.808864,75563,0.740116,1050.909,Kecimen
66508,344.90452,249.089782,0.691685,69240,0.703015,1001.714,Kecimen
74849,379.925026,252.617118,0.746921,76154,0.735393,1040.788,Kecimen
38585,274.445078,180.957559,0.751829,39926,0.696593,762.439,Kecimen
61377,339.733497,234.024237,0.724907,64027,0.705613,975.553,Kecimen
39547,259.422625,198.465531,0.643997,40765,0.733384,763.979,Kecimen
49998,301.780707,212.326943,0.710616,50857,0.779295,834.328,Kecimen
49063,294.748287,217.913109,0.673355,50732,0.658811,869.795,Kecimen
46961,343.788528,177.136795,0.85704,48476,0.614633,891.528,Kecimen
57271,372.699124,196.976135,0.848926,58786,0.769151,949.936,Kecimen
58909,347.343941,218.122791,0.778235,60379,0.704257,944.879,Kecimen
51336,321.884438,206.146147,0.768012,53944,0.742601,898.546,Kecimen
62422,324.556961,247.707867,0.646141,64021,0.716062,947.541,Kecimen
48447,331.051012,189.917204,0.81908,49996,0.625615,883.044,Kecimen
64364,376.66247,221.655101,0.808518,67510,0.654744,1057.897,Kecimen
72915,414.718073,229.55577,0.832834,76912,0.679771,1131.096,Kecimen
49414,290.458237,219.418243,0.65524,51029,0.711034,869.188,Kecimen
45723,291.197286,203.020221,0.716885,48658,0.648829,875.764,Kecimen
64988,371.353628,226.909934,0.791604,67847,0.670118,1048.186,Kecimen
56709,293.408498,247.716596,0.535915,58143,0.778286,904.508,Kecimen
93559,438.634353,275.582973,0.777991,95750,0.68707,1198.259,Kecimen
81916,398.326553,265.418109,0.745654,85615,0.663073,1113.144,Kecimen
79274,406.976226,255.217827,0.778933,81976,0.708385,1110.378,Kecimen
88724,446.430456,260.378754,0.812296,92630,0.656529,1216.535,Kecimen
65469,374.466231,227.538997,0.794216,68018,0.714438,1020.029,Kecimen
75799,340.982709,289.15047,0.53001,79230,0.7411,1065.191,Kecimen
76741,383.982163,258.133988,0.74032,79198,0.745203,1056.74,Kecimen
54219,344.290832,204.496689,0.804491,56526,0.688495,931.43,Kecimen
52693,283.504239,242.113954,0.520265,54860,0.737749,895.745,Kecimen
84539,441.52889,248.374317,0.826775,87728,0.687577,1169.983,Kecimen
34559,264.515168,168.983057,0.769339,36516,0.664187,750.365,Kecimen
49715,302.347391,213.364511,0.708517,52250,0.650107,877.43,Kecimen
39716,243.03828,210.114057,0.50258,40598,0.779433,737.468,Kecimen
46845,264.967254,225.842499,0.522986,47739,0.759091,799.991,Kecimen
52547,358.365719,189.206744,0.849262,54649,0.703403,929.471,Kecimen
41593,310.674892,178.323287,0.818865,44753,0.57267,870.063,Kecimen
44460,294.624132,197.556577,0.741875,47486,0.647425,849.225,Kecimen
51145,317.348237,211.025592,0.746874,53531,0.710051,895.04,Kecimen
43345,323.859214,175.185745,0.841066,46785,0.649276,877.02,Kecimen
53987,331.350659,213.167446,0.76559,56076,0.673222,931.117,Kecimen
59514,368.637909,209.126925,0.823514,61469,0.755158,968.36,Kecimen
85739,380.370379,288.256159,0.652452,87052,0.762152,1094.576,Kecimen
56096,313.38631,232.28244,0.671282,58701,0.71177,929.115,Kecimen
46120,300.097158,201.206314,0.741936,49996,0.628972,907.025,Kecimen
57676,333.97005,222.274457,0.746351,58991,0.688669,926.255,Kecimen
62064,352.36867,227.864144,0.762775,64811,0.650566,1004.245,Kecimen
50274,305.397256,212.273447,0.718939,52016,0.687508,868.951,Kecimen
77225,362.137346,277.009843,0.644113,80872,0.732483,1110.44,Kecimen
45598,259.896265,225.65622,0.496118,47266,0.741286,813.276,Kecimen
38545,283.987539,175.420515,0.78641,39765,0.760436,770.59,Kecimen
39439,246.763611,212.635393,0.507424,42795,0.646827,793.005,Kecimen
74109,416.712717,230.55954,0.832994,78032,0.706459,1095.055,Kecimen
41755,296.788376,184.191377,0.784115,43362,0.691331,804.559,Kecimen
61463,369.399745,213.61962,0.815832,63117,0.786777,966.493,Kecimen
43743,300.906335,185.851232,0.786462,44836,0.670083,802.261,Kecimen
73499,346.051082,275.513907,0.605079,76355,0.731246,1050.012,Kecimen
40403,289.259316,179.223383,0.784922,41209,0.722204,761.949,Kecimen
62343,348.288788,232.82004,0.743741,63897,0.705621,979.447,Kecimen
46008,296.879284,212.027719,0.699954,48762,0.695279,860.58,Kecimen
43495,271.646672,205.164069,0.655424,44535,0.754022,785.843,Kecimen
50649,327.110995,199.54092,0.792394,52462,0.766294,875.267,Kecimen
61235,349.026413,226.8031,0.760091,63504,0.718721,974.079,Kecimen
78883,395.100097,256.964966,0.75961,80973,0.678447,1092.709,Kecimen
58734,367.483946,205.02108,0.829905,59845,0.757477,945.191,Kecimen
68253,388.454723,224.731691,0.815663,70347,0.74613,1042.257,Kecimen
62401,394.3975,203.138687,0.857154,64722,0.740085,1004.349,Kecimen
73046,397.338164,234.828241,0.806669,74242,0.690651,1037.399,Kecimen
54968,300.954432,234.38957,0.627246,56851,0.75134,893.644,Kecimen
84057,452.775695,245.219982,0.840641,86710,0.622018,1179.024,Kecimen
90178,466.249387,250.104302,0.843953,92321,0.752003,1180.478,Kecimen
67883,383.189018,233.356673,0.793181,70360,0.69781,1030.869,Kecimen
43901,304.100349,191.298273,0.777354,46443,0.648742,884.495,Kecimen
33662,227.293792,191.109038,0.541343,34787,0.792999,699.415,Kecimen
77043,388.692727,257.54629,0.748977,80094,0.72693,1112.212,Kecimen
64875,393.214664,212.954824,0.840653,67701,0.770524,1014.789,Kecimen
42609,280.149017,200.271874,0.699251,44944,0.673128,840.167,Kecimen
79510,380.719193,267.034119,0.712774,81779,0.731597,1075.307,Kecimen
58857,320.811908,235.386045,0.679452,60597,0.690364,927.048,Kecimen
67754,349.197138,251.679638,0.693208,69536,0.655261,1032.358,Kecimen
54842,308.232443,227.257732,0.675573,55879,0.738195,887.109,Kecimen
78352,408.809688,245.440809,0.799716,80474,0.684273,1099.512,Kecimen
72447,401.74204,231.537237,0.817215,74481,0.709104,1055.302,Kecimen
58239,324.295063,230.997258,0.701869,59977,0.72119,940.22,Kecimen
93879,409.486907,292.916099,0.698792,96072,0.767669,1174.166,Kecimen
68129,381.17549,230.05602,0.79733,70141,0.659704,1050.867,Kecimen
74426,411.69682,231.749598,0.826516,76449,0.679454,1071.612,Kecimen
60650,324.361627,242.228502,0.665065,62580,0.721543,941.486,Kecimen
136340,722.853917,311.341355,0.90249,176818,0.529774,2098.263,Kecimen
65051,381.21395,218.216845,0.819956,66476,0.644356,1002.035,Kecimen
72219,376.650492,249.529454,0.749065,74373,0.777795,1050.221,Kecimen
81405,421.094893,248.086765,0.808026,83634,0.713728,1148.651,Kecimen
70196,373.197647,243.881105,0.756935,71937,0.69079,1024.256,Kecimen
69120,352.011403,250.814853,0.701653,70274,0.70344,978.434,Kecimen
56327,297.765725,241.934426,0.582962,58178,0.727739,915.496,Kecimen
54983,292.898907,248.40802,0.529834,58095,0.725274,921.613,Kecimen
105020,440.389631,306.105289,0.718934,107423,0.714616,1228.366,Kecimen
36113,257.641853,181.157079,0.711056,37442,0.694481,737.637,Kecimen
87429,408.926028,273.887942,0.742565,89063,0.703575,1120.019,Kecimen
57785,314.430977,236.183035,0.660138,58867,0.732866,903.769,Kecimen
69846,368.45071,243.975162,0.749358,72585,0.676724,1040.716,Kecimen
81456,404.316394,258.892006,0.768108,83499,0.725472,1103.153,Kecimen
61959,339.585018,234.697936,0.722729,64424,0.712041,970.754,Kecimen
61730,376.188557,210.611522,0.82859,63756,0.632188,989.499,Kecimen
62835,421.169338,191.169862,0.891051,64406,0.786145,1018.553,Kecimen
52651,340.816957,204.432884,0.800126,56217,0.683504,915.939,Kecimen
67093,353.109872,243.001034,0.725546,68383,0.760692,972.971,Kecimen
45160,270.555377,220.118672,0.581452,46805,0.686072,833.117,Kecimen
58989,362.668109,209.509718,0.816256,60916,0.732783,950.717,Kecimen
44007,359.375503,161.702366,0.893052,48490,0.644744,901.17,Kecimen
65062,344.309794,242.683633,0.709365,65825,0.769218,948.889,Kecimen
38724,291.001092,170.776267,0.80969,40133,0.780883,769.691,Kecimen
63514,368.786307,221.240948,0.800063,65057,0.663845,977.085,Kecimen
46403,306.304143,196.617193,0.766787,48631,0.637632,843.96,Kecimen
55746,280.313124,254.60033,0.418382,56989,0.730654,875.659,Kecimen
38153,265.040226,184.802254,0.716817,39564,0.682498,754.022,Kecimen
66094,323.187716,261.011911,0.589707,67032,0.73872,944.713,Kecimen
57303,330.024964,221.919786,0.740158,58973,0.716762,919.044,Kecimen
61289,376.375187,208.72781,0.832135,63997,0.63948,998.47,Kecimen
55114,317.172325,222.753453,0.711871,56849,0.714254,909.604,Kecimen
45567,278.502196,216.766639,0.627855,49075,0.714071,854.724,Kecimen
72215,380.414776,244.028081,0.767141,74175,0.720924,1048.486,Kecimen
65495,365.319004,230.525552,0.775762,67299,0.697943,989.581,Kecimen
34977,267.737739,170.837246,0.769973,37747,0.66948,754.366,Kecimen
76407,373.442426,264.474304,0.706005,79086,0.731251,1074.702,Kecimen
66998,338.58664,257.34382,0.649861,69844,0.757605,1006.22,Kecimen
57310,351.396481,209.881228,0.802035,59225,0.699833,940.413,Kecimen
79106,404.573167,252.066364,0.782188,81999,0.728517,1100.85,Kecimen
56837,368.372726,198.774656,0.84192,59040,0.634965,973.599,Kecimen
53497,352.502752,194.981137,0.833093,54875,0.691176,921.762,Kecimen
58591,356.463321,212.119231,0.803677,60664,0.784414,970.932,Kecimen
60313,339.603456,227.725924,0.741851,62130,0.72668,946.487,Kecimen
72483,334.417609,282.680889,0.534303,74945,0.70618,1052.159,Kecimen
52836,340.404782,204.335533,0.799796,55143,0.817389,928.274,Kecimen
68119,385.391704,230.715208,0.80101,70719,0.659301,1026.686,Kecimen
83490,421.882943,254.310183,0.797894,86319,0.709949,1168.247,Kecimen
74612,430.865189,229.286718,0.846647,79297,0.665347,1140.399,Kecimen
44081,328.587147,173.346966,0.849522,46287,0.638466,867.003,Kecimen
39724,271.665692,189.484632,0.716593,41587,0.724283,781.97,Kecimen
89051,418.55564,274.9232,0.754032,92636,0.738675,1196.03,Kecimen
57612,352.441365,210.06421,0.802965,58810,0.647719,934.684,Kecimen
65740,348.881156,245.976176,0.709165,69233,0.740816,1036.517,Kecimen
69997,362.74139,247.091323,0.732118,71994,0.722542,1010.809,Kecimen
75540,422.09849,237.638677,0.826461,78465,0.705085,1114.88,Kecimen
46397,310.724369,192.903837,0.783953,48183,0.655279,850.782,Kecimen
61967,364.784018,218.566173,0.800625,63724,0.6873,981.059,Kecimen
87149,444.610836,253.206591,0.82199,91704,0.716221,1189.483,Kecimen
67798,418.408134,207.825511,0.867919,69356,0.691027,1073.138,Kecimen
49604,310.605628,204.654587,0.75224,51007,0.760809,855.392,Kecimen
88407,412.756941,275.28485,0.74511,90865,0.717962,1141.296,Kecimen
46601,277.35328,216.272051,0.626065,48457,0.761653,820.106,Kecimen
53121,350.968358,195.867445,0.829789,56120,0.732663,930.619,Kecimen
80101,377.616572,272.671345,0.691804,82949,0.725487,1084.306,Kecimen
69781,364.744519,248.79619,0.731249,71504,0.693938,1024.207,Kecimen
58460,290.753556,258.384354,0.458545,60254,0.774756,908.357,Kecimen
61792,400.502828,197.703511,0.869667,64962,0.701162,1026.109,Kecimen
78084,395.209762,254.376583,0.76532,80285,0.703003,1097.299,Kecimen
63402,372.48431,224.009406,0.798953,66639,0.676634,1008.276,Kecimen
48809,332.264893,190.351365,0.819632,51847,0.661342,928.016,Kecimen
49039,285.402087,220.819901,0.633534,50879,0.714771,841.666,Kecimen
64669,364.582804,228.800767,0.778561,67524,0.655846,995.692,Kecimen
103377,460.670431,287.993173,0.780496,105569,0.726968,1230.233,Kecimen
73972,359.272692,263.33339,0.680269,75353,0.754739,1017.749,Kecimen
47602,296.493036,206.225198,0.718479,49089,0.721188,840.545,Kecimen
69151,341.646058,258.392867,0.654205,70703,0.751846,989.917,Kecimen
56518,319.191928,230.709996,0.691064,58879,0.718647,916.396,Kecimen
86314,390.412979,282.21482,0.690992,87873,0.733663,1106.033,Kecimen
56477,334.588138,219.18562,0.75555,58408,0.685667,941.429,Kecimen
32097,264.416384,157.990418,0.801864,33699,0.681118,713.775,Kecimen
71284,356.259246,256.48834,0.694027,72618,0.742975,1011.054,Kecimen
87937,365.836992,307.911698,0.540002,89581,0.71101,1099.568,Kecimen
100835,419.753371,306.954898,0.682083,102881,0.752579,1202.369,Kecimen
66752,370.503622,231.551199,0.780654,69039,0.74239,1006.028,Kecimen
65999,326.298721,264.414877,0.585952,67971,0.676864,998.793,Kecimen
70977,362.063575,256.383025,0.706096,73417,0.650223,1033.87,Kecimen
38569,272.937208,181.856721,0.745688,39909,0.716031,757.295,Kecimen
53964,368.074061,189.813869,0.856772,55662,0.603678,943.599,Kecimen
79100,413.496365,246.404707,0.803055,81839,0.655148,1113.607,Kecimen
83071,400.465688,265.928797,0.747689,84531,0.718458,1112.784,Kecimen
31237,262.347057,155.025743,0.806731,32564,0.613911,718.847,Kecimen
26908,245.755781,143.710872,0.811198,28607,0.693487,678.815,Kecimen
66797,358.198918,240.782694,0.740366,68732,0.697663,1006.375,Kecimen
76222,388.807399,250.696074,0.764366,77958,0.737442,1065.68,Kecimen
46810,297.891373,201.534937,0.736407,48300,0.721308,836.109,Kecimen
65123,382.357686,218.888748,0.819925,66825,0.764337,1018.353,Kecimen
65091,392.493271,216.827572,0.833555,69597,0.664194,1079.752,Kecimen
68400,363.506531,249.581495,0.727041,72981,0.725745,1079.973,Kecimen
64056,393.616767,209.630823,0.846382,65958,0.767873,1014.268,Kecimen
49821,319.082063,202.236495,0.773491,51829,0.677975,907.423,Kecimen
80353,394.340189,264.579087,0.741511,83419,0.668022,1120.777,Kecimen
51539,330.747487,200.957939,0.794253,53060,0.725411,894.039,Kecimen
63827,393.251665,209.146185,0.846846,66445,0.667409,1047.037,Kecimen
89345,435.55088,262.061447,0.798739,91337,0.713846,1176.657,Kecimen
31275,264.687187,156.395545,0.806767,33540,0.658393,727.561,Kecimen
75431,433.671223,222.999417,0.857662,78125,0.723184,1103.236,Kecimen
72718,397.902945,235.559894,0.805935,74803,0.746867,1073.916,Kecimen
82886,424.822709,253.171548,0.803024,85879,0.648281,1163.528,Kecimen
67852,353.124253,247.335231,0.713731,69587,0.729513,983.385,Kecimen
49336,338.481461,193.005202,0.8215,52619,0.656553,909.681,Kecimen
39368,296.655948,171.208165,0.816654,41361,0.619969,798.546,Kecimen
51304,350.042582,189.765438,0.8403,52949,0.660998,897.111,Kecimen
91764,433.76816,270.286095,0.782133,93480,0.692925,1165.084,Kecimen
79252,398.844564,254.17293,0.770638,80799,0.705007,1074.108,Kecimen
50530,328.918015,198.28392,0.797864,52600,0.681696,897.796,Kecimen
66063,354.097525,238.510253,0.739121,67503,0.762676,971.938,Kecimen
73311,391.867507,239.601764,0.791294,74825,0.689966,1046.52,Kecimen
82793,428.116905,249.39088,0.812809,84950,0.742458,1130.673,Kecimen
104921,452.863013,297.024187,0.754864,108211,0.726298,1254.861,Kecimen
59654,350.899954,219.489868,0.78022,62384,0.713053,979.727,Kecimen
76531,407.66864,241.399527,0.80583,78857,0.731227,1068.375,Kecimen
57438,344.980183,215.434225,0.781038,58924,0.693394,935.816,Kecimen
55129,336.021702,210.428066,0.779636,56855,0.750402,910.837,Kecimen
37302,284.330112,170.533002,0.800172,39280,0.721174,761.131,Kecimen
58357,338.320963,220.464395,0.758526,59383,0.738173,915.379,Kecimen
33615,254.47223,171.00105,0.740566,35376,0.788049,719.935,Kecimen
47555,330.899281,186.252904,0.826546,50165,0.680709,873.837,Kecimen
71762,387.674104,236.873605,0.791621,73593,0.701678,1038.741,Kecimen
84677,401.668142,269.668447,0.741121,86777,0.751029,1118.999,Kecimen
86421,367.170337,300.793986,0.573477,87929,0.748623,1080.007,Kecimen
90191,431.366966,272.751395,0.774727,93719,0.625024,1179.374,Kecimen
34638,251.742246,178.341115,0.705784,35824,0.7494,713.94,Kecimen
39275,274.065993,185.411273,0.736424,40747,0.712562,772.501,Kecimen
41458,281.824882,192.674116,0.729795,42792,0.682773,782.362,Kecimen
85954,405.915167,272.083325,0.742094,87690,0.714818,1104.717,Kecimen
56589,343.934757,213.133334,0.784846,58274,0.659853,931.451,Kecimen
39622,280.112477,185.192206,0.750267,40539,0.733008,766.531,Kecimen
48093,329.935742,187.041722,0.823784,49367,0.745108,858.386,Kecimen
67404,349.011262,247.690269,0.704513,69607,0.745026,997.276,Kecimen
57838,350.285459,214.80245,0.789911,59449,0.67404,939.149,Kecimen
58570,355.399538,214.567466,0.797184,60494,0.657558,962.708,Kecimen
60199,375.279688,205.414052,0.836896,61711,0.736289,971.185,Kecimen
74254,402.526482,241.283439,0.800433,76702,0.72647,1080.034,Kecimen
63718,407.565856,200.261047,0.870957,65950,0.722967,1023.064,Kecimen
28216,245.401295,150.245582,0.790669,30316,0.622293,683.004,Kecimen
79055,395.368667,258.275952,0.757139,82562,0.719506,1114.488,Kecimen
86141,414.107165,266.907528,0.764573,87883,0.71874,1146.164,Kecimen
82873,449.409264,239.614078,0.846005,85648,0.700769,1148.363,Kecimen
98485,387.762836,325.737166,0.542521,100682,0.729865,1193.908,Kecimen
53633,313.479956,218.668617,0.716534,55147,0.728432,882.669,Kecimen
63191,335.241687,243.97239,0.685842,64898,0.704604,977.095,Kecimen
58545,325.188636,231.955799,0.700863,60738,0.7005,966.758,Kecimen
68931,381.671734,231.528193,0.794995,71336,0.679311,1067.692,Kecimen
67874,360.023465,243.271974,0.737166,69889,0.678319,1035.277,Kecimen
61200,323.17441,246.288324,0.64747,64553,0.707449,997.264,Kecimen
87089,396.486857,280.24545,0.707392,88754,0.742232,1154.562,Kecimen
59589,383.571233,201.381855,0.851091,62974,0.684082,1043.187,Kecimen
50312,354.235551,182.312081,0.857392,52070,0.623352,961.439,Kecimen
41995,259.208878,210.350798,0.584337,43443,0.729701,801.526,Kecimen
137583,649.541485,273.260282,0.907201,142650,0.731638,1590.354,Besni
117592,533.292856,288.558319,0.840966,123587,0.730068,1432.006,Besni
95546,487.178282,251.960243,0.855875,99166,0.722782,1276.807,Besni
96582,446.705203,278.325498,0.782172,100113,0.706598,1216.979,Besni
61409,403.701295,209.365889,0.855007,67286,0.597393,1083.477,Besni
154242,585.928074,337.599245,0.817324,158371,0.7216,1530.315,Besni
134303,600.766271,288.38493,0.877253,138133,0.742436,1497.515,Besni
112378,528.400325,272.77872,0.856447,115602,0.614705,1366.74,Besni
124579,439.960503,371.026214,0.537416,128307,0.69825,1373.537,Besni
83107,507.380899,233.15385,0.888165,93706,0.491002,1367.331,Besni
107178,508.747896,270.462416,0.846981,110611,0.632909,1325.947,Besni
64391,449.555901,187.122378,0.909256,68813,0.634269,1177.714,Besni
126781,659.442608,249.544766,0.925635,132802,0.736662,1552.54,Besni
45051,323.589255,180.069737,0.830864,46532,0.830632,836.625,Besni
119026,612.744411,250.92699,0.912304,123463,0.615745,1486.769,Besni
67579,402.310202,217.058736,0.841966,70809,0.703113,1051.553,Besni
97019,559.599213,228.641753,0.912722,101539,0.573453,1383.647,Besni
184784,740.10871,320.58783,0.901316,192699,0.645353,1791.568,Besni
168276,656.099381,328.486879,0.86564,174282,0.681539,1685.283,Besni
195383,755.012914,335.790452,0.895656,204472,0.728769,1893.414,Besni
65253,418.997887,205.756185,0.871122,69700,0.666255,1075.404,Besni
120255,471.813529,326.546336,0.721793,123486,0.723887,1322.814,Besni
108161,485.102646,286.033191,0.80767,111765,0.707906,1305.144,Besni
157877,613.873745,328.313337,0.844965,161901,0.641323,1604.103,Besni
83800,440.83374,245.38188,0.83076,86346,0.657162,1170.091,Besni
177264,619.958472,366.76324,0.806237,180994,0.683219,1652.694,Besni
127245,530.304055,309.121516,0.812534,130649,0.679096,1423.997,Besni
108314,455.605877,311.171118,0.730434,112497,0.686945,1306.577,Besni
128947,572.801602,289.022169,0.863367,132108,0.604409,1446.923,Besni
189637,636.752437,403.719328,0.77331,209580,0.613785,1870.28,Besni
137508,604.114423,292.096064,0.875338,141818,0.601522,1529.79,Besni
75173,365.803242,267.582782,0.681848,78359,0.679954,1087.034,Besni
115859,488.488856,305.090778,0.780977,120546,0.742643,1351.422,Besni
92188,374.720164,324.302562,0.500991,95920,0.7476,1190.813,Besni
153824,536.606993,369.286454,0.725532,159063,0.739084,1582.146,Besni
85492,437.013969,250.892609,0.818781,89018,0.723344,1182.575,Besni
106312,464.332364,295.316792,0.771687,111089,0.729684,1306.455,Besni
210923,984.045491,367.279532,0.927737,278217,0.507352,2697.753,Besni
89138,507.143396,226.216615,0.895003,93549,0.738386,1262.578,Besni
83567,465.101466,230.904231,0.86806,86859,0.609222,1199.017,Besni
171256,531.373205,412.382817,0.630647,174277,0.701915,1559.214,Besni
77105,419.953696,238.839466,0.822526,80497,0.668995,1131.54,Besni
100443,457.569872,283.61128,0.784743,104186,0.673789,1269.066,Besni
72606,424.472024,223.232633,0.850542,76975,0.683853,1117.107,Besni
83555,457.546472,235.099871,0.857894,86694,0.711227,1159.779,Besni
146268,588.009214,321.607981,0.837169,150416,0.695421,1535.287,Besni
113608,559.266783,264.028685,0.881546,118098,0.627863,1394.088,Besni
75058,424.763709,228.845826,0.842459,78952,0.685461,1130.395,Besni
116406,612.665318,251.832827,0.911615,125638,0.52626,1480.951,Besni
100319,480.778964,267.668896,0.830687,104255,0.639614,1289.209,Besni
143386,469.276508,397.31019,0.53216,146328,0.75026,1422.014,Besni
164782,660.364175,322.620924,0.872536,169000,0.757758,1654.986,Besni
71639,400.413959,231.620142,0.815717,76252,0.642462,1101.879,Besni
141220,575.682365,316.621243,0.835169,144300,0.659152,1507.939,Besni
88290,514.436154,221.444838,0.902609,92317,0.555157,1277.388,Besni
102569,515.395249,259.194228,0.864342,106888,0.573242,1331.797,Besni
182160,997.291941,271.872395,0.962124,221527,0.379856,2303.69,Besni
208264,675.098345,395.579291,0.810341,212813,0.771748,1755.167,Besni
133101,641.509739,265.31397,0.910469,136793,0.582496,1544.712,Besni
169009,719.505878,301.565126,0.907927,174718,0.716927,1781.378,Besni
81901,450.82753,237.208989,0.850383,85000,0.583108,1192.014,Besni
80678,457.925235,229.703562,0.865089,85201,0.60736,1226.244,Besni
101661,440.981835,295.530705,0.742212,105429,0.71329,1268.05,Besni
82207,451.006049,235.159774,0.853305,84780,0.629437,1182.274,Besni
166275,602.307775,356.236287,0.80634,168292,0.719282,1580.961,Besni
188651,621.012686,390.307613,0.777808,192922,0.747156,1698.394,Besni
202118,684.602958,379.719282,0.83208,209242,0.717219,1827.9,Besni
97375,468.904038,268.267025,0.820173,100169,0.694717,1244.252,Besni
64303,442.745314,187.029019,0.906395,67199,0.686235,1081.68,Besni
86715,440.474323,254.336035,0.816452,89920,0.735371,1173.259,Besni
155702,655.398966,304.612149,0.88543,160709,0.697046,1626.909,Besni
84295,458.844007,238.289021,0.854577,88521,0.708451,1202.583,Besni
177206,699.618264,328.112136,0.883205,181412,0.739153,1754.378,Besni
110897,518.787614,275.260505,0.847632,115550,0.730436,1365.577,Besni
56903,360.815292,204.037706,0.824755,59797,0.718427,980.39,Besni
113029,558.516156,265.284203,0.879996,116783,0.662092,1419.577,Besni
69579,398.596683,224.578516,0.826169,71648,0.719386,1071.644,Besni
163442,594.759221,351.425687,0.806766,167471,0.704686,1621.959,Besni
114289,580.60083,261.763698,0.8926,120657,0.649487,1455.893,Besni
74652,424.980673,231.604265,0.838452,79014,0.592617,1157.109,Besni
90559,473.575846,246.919968,0.853316,95477,0.673231,1328.744,Besni
104352,562.335908,239.402593,0.904851,107968,0.668067,1390.73,Besni
82161,441.795552,246.810056,0.829402,86909,0.630243,1222.158,Besni
131816,532.731425,322.683003,0.795682,138992,0.722192,1488.84,Besni
163082,696.149046,302.222447,0.900848,167442,0.763779,1687.178,Besni
77012,425.219427,239.469561,0.826343,81325,0.65428,1131.53,Besni
81604,528.585892,204.739513,0.921939,87172,0.49146,1299.386,Besni
82853,430.114997,251.1757,0.811773,85292,0.746437,1139.84,Besni
145693,591.180144,321.431191,0.839272,151644,0.648528,1595.364,Besni
96443,541.200074,232.548039,0.902977,101271,0.553411,1352.482,Besni
168620,730.76096,295.500462,0.914594,172003,0.79673,1725.003,Besni
193032,661.148771,376.432193,0.822088,197672,0.631121,1744.271,Besni
140897,588.070918,308.025787,0.851847,146231,0.733999,1536.473,Besni
118988,483.340005,315.248465,0.758022,122375,0.784467,1356.398,Besni
103666,456.382705,293.922435,0.765003,107992,0.647265,1332.203,Besni
68231,394.646534,228.161,0.815937,71591,0.664527,1099.228,Besni
88928,395.724998,300.227002,0.651468,93821,0.671064,1239.54,Besni
117077,496.130757,314.547414,0.773332,123305,0.708832,1419.16,Besni
123056,618.141815,256.950111,0.90951,128101,0.641284,1522.028,Besni
94455,496.895013,245.243907,0.869716,97496,0.719888,1256.322,Besni
89311,429.279086,270.859317,0.775813,94720,0.682649,1234.547,Besni
68982,400.736881,223.907657,0.829343,73278,0.728765,1105.79,Besni
204864,596.639802,440.497127,0.674476,209457,0.751009,1726.246,Besni
83693,437.734856,245.424263,0.82804,87230,0.70286,1177.858,Besni
75529,418.518479,233.990193,0.829106,79168,0.65867,1143.294,Besni
121034,518.720443,305.73581,0.807839,125665,0.706665,1418.304,Besni
105192,440.562909,305.791779,0.719885,107313,0.736902,1244.054,Besni
77402,469.459347,215.079951,0.888878,80680,0.621329,1162.004,Besni
87857,380.776487,300.908648,0.612784,90968,0.728499,1144.344,Besni
139399,522.46801,348.282162,0.745407,144034,0.693631,1471.508,Besni
178334,626.064174,366.23705,0.811045,181715,0.789452,1630.704,Besni
144084,555.921021,332.123889,0.801921,149076,0.729421,1506.255,Besni
84975,511.874664,215.44822,0.907107,88730,0.629612,1246.361,Besni
118043,493.765244,308.000127,0.781601,122903,0.675597,1394.1,Besni
102769,515.60807,261.136652,0.862261,109161,0.650231,1378.308,Besni
136960,559.295867,313.309869,0.828367,139458,0.722142,1458.551,Besni
113206,548.971047,264.258478,0.876517,116787,0.725861,1388.476,Besni
155057,610.677972,325.507681,0.846098,159681,0.761057,1564.694,Besni
116715,571.04884,278.837398,0.872681,127342,0.602618,1488.324,Besni
91146,498.391799,241.896779,0.874317,97149,0.672893,1293.559,Besni
101223,496.533461,276.866203,0.830111,109593,0.713612,1345.426,Besni
79492,422.567329,243.116296,0.81792,82708,0.637353,1122.831,Besni
93234,452.926506,268.763054,0.804913,97428,0.715907,1222.886,Besni
167279,690.071994,311.995692,0.891957,171794,0.578674,1680.121,Besni
193558,769.425149,321.685834,0.908407,197851,0.605916,1865.297,Besni
146175,592.908505,319.020111,0.842907,149156,0.632833,1529.068,Besni
108076,516.07323,270.743408,0.851335,112975,0.698815,1378.774,Besni
131811,573.541774,295.423095,0.857139,135814,0.711507,1457.016,Besni
129038,540.814829,306.817764,0.823494,134796,0.648758,1459.345,Besni
130868,613.172615,273.181915,0.895271,134139,0.536784,1513.352,Besni
206720,713.472549,373.642544,0.851905,210114,0.780576,1866.091,Besni
205497,632.727607,414.188326,0.755969,209486,0.769289,1736.839,Besni
146420,598.072681,314.390639,0.850687,149403,0.746736,1531.955,Besni
126014,523.18638,309.11683,0.806792,130059,0.736226,1396.906,Besni
101103,484.165901,269.145887,0.831252,105500,0.67,1307.683,Besni
61444,371.693826,213.179806,0.81918,64321,0.737473,1006.984,Besni
160605,630.617341,330.771139,0.851398,167411,0.723185,1679.562,Besni
100649,433.36687,300.45778,0.720639,103883,0.724719,1257.029,Besni
112808,542.50478,267.201878,0.870293,116961,0.743155,1390.4,Besni
105951,521.112758,267.727057,0.857934,111368,0.73356,1377.248,Besni
177916,581.70975,394.524708,0.734863,181352,0.737207,1647.505,Besni
109254,483.163737,289.828684,0.800108,111624,0.740103,1293.225,Besni
128574,601.800235,276.248155,0.888418,135975,0.674002,1508.934,Besni
124166,525.945357,304.156469,0.815821,126960,0.728999,1388.684,Besni
133784,581.286948,300.635686,0.855871,139806,0.67959,1502.661,Besni
80481,481.063953,217.561151,0.891891,85153,0.714974,1219.105,Besni
63491,326.632882,248.322449,0.649631,64892,0.734357,950.297,Besni
109791,477.033502,294.533847,0.786627,112766,0.74478,1290.239,Besni
89236,389.681692,295.331936,0.652394,92014,0.696993,1144.036,Besni
152267,598.967636,331.249017,0.833159,157353,0.59405,1570.502,Besni
89721,530.156574,223.499933,0.906794,95252,0.547433,1295.377,Besni
129493,497.788136,339.526278,0.731287,136555,0.64753,1447.684,Besni
74966,465.360816,209.279646,0.893172,78159,0.712415,1157.089,Besni
136180,551.453828,316.469824,0.818937,139701,0.72989,1461.03,Besni
102013,453.893458,292.130181,0.765354,106036,0.637828,1266.255,Besni
169078,644.931269,336.571628,0.853024,173362,0.682989,1629.634,Besni
78304,390.973083,262.770416,0.740466,82394,0.623286,1137.706,Besni
54321,395.01184,182.323981,0.887106,58632,0.625069,1021.989,Besni
101439,524.817186,251.160554,0.878051,107520,0.733312,1393.213,Besni
118787,562.280957,273.329909,0.873898,125083,0.643713,1459.584,Besni
85517,410.622094,269.817172,0.753809,88349,0.702941,1127.889,Besni
72653,403.190959,231.055734,0.819508,74718,0.663898,1062.07,Besni
126515,595.342557,277.909293,0.88436,134574,0.712977,1461.111,Besni
117714,480.629674,314.026534,0.757043,120922,0.7243,1361.884,Besni
62451,337.289987,237.705386,0.709455,64499,0.696275,963.009,Besni
107895,462.046131,300.558987,0.75951,110755,0.764048,1277.791,Besni
199015,615.417236,413.927473,0.740009,201464,0.76857,1687.866,Besni
130388,511.897583,326.312449,0.770486,132727,0.719184,1393.974,Besni
106440,501.044306,273.19407,0.838274,108790,0.750751,1302.472,Besni
109878,541.9484,260.083619,0.877321,112825,0.689193,1369.202,Besni
78984,427.494276,236.882575,0.832438,82328,0.698417,1169.476,Besni
135899,625.348227,286.899891,0.888548,144444,0.632589,1594.209,Besni
193818,678.559565,367.900362,0.840263,201241,0.791546,1766.873,Besni
137788,654.470264,272.3013,0.909335,141442,0.706431,1562.268,Besni
71800,431.008575,218.715777,0.861681,77521,0.648155,1187.724,Besni
96210,482.512019,262.674411,0.838833,102157,0.686587,1270.564,Besni
103057,548.405237,241.123219,0.898154,107983,0.715654,1391.207,Besni
104602,478.222652,279.361007,0.811635,106906,0.779914,1263.012,Besni
105467,465.573798,290.202405,0.781965,109052,0.730381,1302.361,Besni
83059,440.559971,243.636512,0.833171,88806,0.685809,1238.163,Besni
99378,466.397472,275.575596,0.806774,102653,0.687038,1260.343,Besni
90585,489.647789,239.350294,0.872384,95774,0.672345,1270.266,Besni
83065,444.999648,241.331166,0.840174,87785,0.72055,1182.561,Besni
54357,362.594718,192.949367,0.846659,56006,0.699918,945.828,Besni
169645,731.561876,299.413405,0.912409,174278,0.755516,1753.016,Besni
70461,376.170843,243.954829,0.761196,72819,0.728279,1046.692,Besni
105347,476.8035,282.025816,0.80631,108072,0.769035,1266.876,Besni
160583,630.645229,326.24453,0.855793,165385,0.751899,1646.559,Besni
101772,477.908944,273.404364,0.820195,104567,0.684338,1266.657,Besni
61123,329.33022,257.268093,0.624299,70556,0.723264,1128.077,Besni
90375,480.632476,241.016768,0.865182,93826,0.643559,1251.679,Besni
131847,560.420908,302.640666,0.84165,134950,0.744314,1446.145,Besni
81998,423.632632,251.239445,0.805158,83932,0.729481,1130.427,Besni
105924,497.700646,274.575807,0.83405,109179,0.716535,1295.27,Besni
121757,486.521068,323.35173,0.747181,125067,0.759913,1357.888,Besni
116198,494.259176,301.682896,0.792113,118786,0.719368,1328.07,Besni
86846,459.396038,242.619965,0.849165,89047,0.725931,1173.308,Besni
77799,419.338579,238.34325,0.822767,80688,0.648001,1114.454,Besni
75242,391.678146,248.089117,0.773824,77890,0.668176,1077.419,Besni
113164,486.76636,297.110288,0.792112,116531,0.739561,1313.092,Besni
194864,657.867843,378.058461,0.818384,197430,0.786427,1700.937,Besni
103313,503.451439,266.445036,0.848474,108615,0.667043,1343.017,Besni
98464,488.215004,261.72426,0.844165,101977,0.679432,1259.069,Besni
97377,503.992068,252.499625,0.865448,101317,0.708423,1281.252,Besni
169880,648.904219,339.13113,0.852565,177170,0.713767,1660.677,Besni
69746,370.560481,241.914457,0.757501,72724,0.712603,1027.513,Besni
172334,595.817747,375.020535,0.777064,174610,0.636111,1591.894,Besni
192815,731.440292,337.102372,0.887465,196576,0.734399,1803.686,Besni
92121,432.0619,275.690611,0.769969,95197,0.715447,1193.836,Besni
82462,434.57122,244.457453,0.82678,85611,0.649911,1174.203,Besni
53325,351.203707,197.213642,0.827452,56030,0.706142,934.49,Besni
151703,595.107096,330.342751,0.831785,156402,0.671309,1608.599,Besni
40702,274.168954,191.378387,0.716068,41924,0.721615,771.797,Besni
81480,434.100259,242.701751,0.829106,84581,0.674012,1162.37,Besni
104669,546.672756,248.527908,0.890686,110984,0.687346,1398.545,Besni
85390,403.72975,272.970327,0.73679,88615,0.7105,1156.718,Besni
178692,594.722171,384.038046,0.763554,181288,0.747046,1622.032,Besni
104385,488.897551,277.683744,0.823043,108197,0.77217,1315.843,Besni
206689,746.145341,355.300685,0.879347,212569,0.745809,1876.028,Besni
98166,420.702176,299.583609,0.702074,100659,0.707426,1245.034,Besni
156769,662.966632,307.868066,0.885636,161782,0.742109,1646.525,Besni
182823,700.008462,337.706667,0.875933,190749,0.698891,1789.254,Besni
96139,498.387661,250.112037,0.864959,100204,0.675361,1298.138,Besni
99177,494.055192,260.973648,0.849103,104468,0.614175,1317.687,Besni
76114,435.387915,224.727631,0.856495,77824,0.681927,1100.929,Besni
111056,514.714547,277.879091,0.841748,114995,0.670786,1370.914,Besni
51350,342.655303,204.011112,0.803442,54576,0.649178,930.051,Besni
144973,614.814926,304.331531,0.868895,150534,0.733669,1539.429,Besni
182788,621.206763,379.424446,0.791796,188848,0.733061,1679.075,Besni
128442,585.981994,281.601409,0.87696,133704,0.750684,1499.355,Besni
76364,381.802415,258.587972,0.735723,78977,0.747348,1075.8,Besni
158808,658.9566,308.528449,0.883619,162376,0.726611,1624.343,Besni
106923,591.115838,234.823346,0.917709,111428,0.522279,1425.109,Besni
60640,369.27037,218.528708,0.806096,66145,0.71172,1036.527,Besni
88257,452.924593,254.482193,0.827229,92886,0.736088,1209.622,Besni
102868,430.026092,312.972595,0.68579,106439,0.717931,1251.802,Besni
61539,364.255945,220.36202,0.796252,65462,0.723392,1056.491,Besni
129292,614.547426,270.08549,0.898249,133475,0.68969,1531.744,Besni
57999,311.02247,243.476121,0.622242,61519,0.656335,968.697,Besni
88315,456.740714,248.149957,0.839535,92046,0.644193,1205.863,Besni
88250,478.481836,238.321886,0.867131,92397,0.6066,1217.127,Besni
141137,600.126138,305.766838,0.860468,145158,0.585589,1495.983,Besni
123980,531.86826,332.576175,0.780386,138078,0.667622,1539.944,Besni
49371,320.643403,200.245586,0.781015,52692,0.675122,921.059,Besni
172783,820.724022,352.19368,0.903245,219952,0.496937,2289.889,Besni
86852,456.478688,248.606869,0.838684,90550,0.607854,1207.534,Besni
91464,433.219793,273.255461,0.775982,93852,0.717702,1182.21,Besni
93441,396.79078,300.812608,0.652122,95370,0.723317,1157.771,Besni
94211,450.004617,269.286569,0.801191,96340,0.716848,1194.631,Besni
124630,585.093803,275.493613,0.882211,128308,0.681832,1485.99,Besni
116361,554.49012,277.066887,0.866211,125132,0.747413,1434.389,Besni
152992,572.705396,341.245703,0.803097,155411,0.777525,1500.251,Besni
147843,651.002807,299.74326,0.887694,155494,0.719326,1633.723,Besni
135036,582.687523,301.568488,0.855654,139124,0.634568,1509.374,Besni
128107,616.9944,267.980734,0.900753,133001,0.621483,1513.469,Besni
79975,439.312508,240.49419,0.836849,83384,0.691162,1162.608,Besni
60674,345.315246,225.218803,0.758036,62614,0.735576,987.617,Besni
96404,470.101696,264.23621,0.827081,99678,0.754547,1265.032,Besni
222915,731.559406,389.9467,0.846093,227170,0.770543,1876.307,Besni
108379,482.565578,289.385727,0.800239,111707,0.70271,1316.871,Besni
62562,407.939263,198.710116,0.873342,64694,0.628259,1030.757,Besni
204226,648.204288,402.283271,0.784118,207198,0.773988,1724.662,Besni
77985,473.340705,214.092031,0.891866,82967,0.674377,1214.981,Besni
104728,495.671682,272.686734,0.835075,109157,0.730219,1316.398,Besni
85449,471.124664,238.328679,0.862609,89794,0.58477,1246.2,Besni
97558,477.110744,261.916316,0.835846,100259,0.777045,1229.813,Besni
97049,548.220833,231.661019,0.906331,102899,0.616302,1399.672,Besni
58870,355.136018,212.02946,0.802213,60490,0.734956,940.363,Besni
83889,450.988991,241.330388,0.84478,88842,0.729825,1183.981,Besni
110527,514.588849,275.583355,0.844509,114538,0.689699,1360.821,Besni
66793,362.231236,236.404449,0.757673,69506,0.684109,1024.169,Besni
91665,485.452143,243.080028,0.865604,95741,0.700032,1244.563,Besni
126149,478.877101,345.919972,0.691521,134778,0.624908,1549.185,Besni
101618,443.49299,293.384169,0.749918,104508,0.750242,1238.627,Besni
96442,450.408136,276.922615,0.788663,100712,0.703058,1239.314,Besni
79397,434.994082,235.519493,0.840745,83074,0.696117,1148.633,Besni
86658,439.229077,258.304328,0.808799,89048,0.699758,1184.581,Besni
113046,548.940835,265.305096,0.875453,116819,0.677182,1385.645,Besni
53373,330.677241,215.701648,0.757959,56639,0.654281,936.823,Besni
80274,404.302495,256.062476,0.773871,84523,0.663542,1153.618,Besni
89431,464.833932,247.352044,0.846663,92412,0.624797,1198.853,Besni
84383,403.909415,271.251509,0.740945,87629,0.674945,1140.605,Besni
98260,520.103078,245.209759,0.881885,103918,0.576457,1345.687,Besni
104656,489.454217,273.452664,0.829377,106961,0.74161,1273.128,Besni
100186,462.505929,277.699111,0.799683,101921,0.682243,1217.831,Besni
122617,503.687576,322.622517,0.767941,131499,0.643254,1429.352,Besni
117301,507.240441,296.829882,0.810899,122361,0.618402,1407.401,Besni
48007,302.611047,209.116084,0.722817,50679,0.677051,889.743,Besni
165681,615.210875,346.702246,0.826082,170954,0.735824,1635.791,Besni
83929,429.090409,252.037563,0.809314,87269,0.704841,1176.227,Besni
109701,546.635282,256.614732,0.882962,113425,0.580625,1405.868,Besni
117098,637.770214,237.471785,0.928094,120417,0.652866,1484.334,Besni
107082,536.851569,258.71716,0.876218,112201,0.729521,1354.715,Besni
102944,477.167509,277.222487,0.813921,108053,0.715684,1339.098,Besni
53077,327.28782,212.231089,0.761254,55532,0.646413,934.708,Besni
78161,453.203395,222.605024,0.871057,81689,0.733493,1161.291,Besni
122433,585.294198,270.70881,0.88661,128445,0.579493,1526.711,Besni
142069,662.71377,275.439693,0.909537,148697,0.732277,1622.58,Besni
82585,436.182431,264.8741,0.794507,93928,0.588447,1320.46,Besni
96753,477.499724,261.943408,0.836103,99964,0.694107,1258.683,Besni
106393,472.309406,287.59389,0.793239,109501,0.678388,1281.378,Besni
182122,620.48722,376.488606,0.794883,187560,0.72183,1695.23,Besni
49691,336.678058,189.261667,0.827039,52077,0.72495,919.419,Besni
79057,436.390047,236.895393,0.839828,82642,0.654597,1148.146,Besni
110785,560.007136,259.397349,0.886252,116070,0.558567,1456.757,Besni
171749,671.254561,328.909889,0.871726,175679,0.738159,1689.585,Besni
149841,547.456405,354.584606,0.7619,155682,0.711847,1544.342,Besni
97513,486.902167,257.270016,0.849007,100196,0.688909,1272.882,Besni
97254,422.044071,305.875124,0.689015,100815,0.63335,1254.468,Besni
132116,519.679984,325.332488,0.779803,133811,0.745071,1393.335,Besni
132730,535.980907,324.95892,0.795245,139810,0.688559,1475.658,Besni
68576,377.136928,235.129469,0.781856,71551,0.719075,1087.108,Besni
109011,504.395496,277.033952,0.835665,111306,0.620933,1297.147,Besni
109438,502.729338,280.343741,0.830081,113476,0.635473,1323.557,Besni
76551,394.442615,255.254441,0.762382,81613,0.632365,1130.405,Besni
121080,573.403612,270.632507,0.881612,124432,0.72379,1418.385,Besni
86202,437.771261,253.909321,0.814613,90825,0.705146,1199.809,Besni
134913,639.601571,273.092077,0.904265,139500,0.736726,1535.248,Besni
175247,713.017124,316.398498,0.896153,179961,0.592163,1739.277,Besni
195281,609.829726,408.535619,0.742436,197426,0.769656,1639.103,Besni
131496,506.115449,334.331785,0.750752,134210,0.705523,1412.02,Besni
175946,604.530068,372.849843,0.787151,180289,0.775838,1622.809,Besni
66265,424.559435,203.381292,0.877793,70487,0.628015,1126.765,Besni
106938,498.433852,274.590275,0.834567,110118,0.773187,1285.854,Besni
76624,473.965993,207.736989,0.898831,80356,0.661008,1205.819,Besni
88747,425.00728,268.668464,0.774846,92317,0.761313,1184.156,Besni
165940,624.844959,340.695631,0.838275,170781,0.779464,1641.14,Besni
181926,579.918551,400.80166,0.722726,185474,0.716809,1628.157,Besni
148073,599.362814,327.084068,0.837968,152985,0.690156,1557.606,Besni
103915,516.485501,260.105445,0.863933,106499,0.691085,1285.063,Besni
71141,417.137,219.185252,0.850824,73629,0.725455,1085.215,Besni
169494,614.993744,352.28079,0.819681,172094,0.740123,1607.527,Besni
47253,360.019176,172.508389,0.877725,51538,0.71132,940.542,Besni
102960,522.381048,252.36543,0.875562,105956,0.741659,1311.161,Besni
81570,450.480907,233.608056,0.855032,84540,0.733213,1162.256,Besni
62526,357.205087,228.86293,0.767788,65994,0.707308,1006.598,Besni
141613,588.371569,311.296168,0.848571,149492,0.721794,1521.811,Besni
105961,497.70146,275.971726,0.832189,109992,0.697562,1347.989,Besni
125282,536.498965,299.436826,0.829753,129758,0.735949,1404.303,Besni
87252,433.48452,261.066644,0.798307,90160,0.735795,1166.517,Besni
108771,472.208192,294.453896,0.781769,111241,0.770049,1267.646,Besni
138202,556.981907,318.252801,0.82068,143228,0.697215,1576.336,Besni
92024,453.715176,260.486055,0.818773,94643,0.751861,1204.623,Besni
76708,458.04464,216.340932,0.88143,78694,0.658393,1135.68,Besni
105053,490.409597,277.084224,0.825087,107939,0.670404,1297.279,Besni
72924,434.222666,220.491764,0.861484,77356,0.621603,1183.236,Besni
89169,408.189922,281.396684,0.724403,93087,0.713855,1187.085,Besni
93042,470.565806,254.260811,0.841453,95156,0.632397,1216.104,Besni
71054,364.751136,249.723369,0.728881,72956,0.727848,1027.206,Besni
90675,426.236425,275.287073,0.76346,92030,0.740107,1163.021,Besni
137921,598.761032,297.201602,0.868116,142159,0.748757,1510.852,Besni
164440,580.775848,362.345574,0.781505,167563,0.770427,1554.365,Besni
71502,490.433479,189.44294,0.922383,75157,0.500546,1182.852,Besni
144250,606.351813,305.330382,0.863964,148528,0.800255,1547.081,Besni
223075,694.24755,411.810369,0.805073,225916,0.76494,1812.569,Besni
56244,398.802452,182.844046,0.888703,58530,0.656366,1008.134,Besni
142239,614.834478,297.735347,0.874928,148078,0.643516,1553.114,Besni
78632,407.940329,245.821198,0.79805,79715,0.689011,1068.727,Besni
93430,467.637119,258.947168,0.832693,98337,0.712988,1258.966,Besni
97583,522.786556,241.940773,0.886468,101231,0.725983,1298.731,Besni
123654,542.419741,293.473236,0.840994,126325,0.65953,1400.524,Besni
85894,477.171993,231.039681,0.874965,89369,0.730391,1202.493,Besni
235047,772.956877,388.201507,0.864735,239093,0.711673,1942.05,Besni
152611,663.13325,297.41795,0.893781,158488,0.614715,1755.968,Besni
83932,499.237754,224.472389,0.893215,88572,0.670844,1258.062,Besni
117354,520.326612,289.661986,0.830719,121057,0.712065,1374.171,Besni
66315,363.578896,234.454452,0.764308,68906,0.688944,1015.021,Besni
87663,405.678051,277.454931,0.729549,89710,0.743688,1126.518,Besni
95364,481.564373,253.846781,0.849785,97623,0.737952,1225.352,Besni
78787,450.255592,228.912522,0.861118,80567,0.677376,1142.632,Besni
160451,593.74988,346.757054,0.811745,163523,0.785231,1548.609,Besni
121077,521.191031,302.109185,0.814864,125856,0.734512,1403.043,Besni
62280,388.582055,205.514392,0.848695,63596,0.79144,977.906,Besni
106897,481.794685,288.66002,0.800648,109314,0.715983,1284.69,Besni
111568,491.112074,293.911007,0.801153,114128,0.734759,1303.224,Besni
61556,340.783628,231.435189,0.734021,63181,0.734804,956.302,Besni
47609,331.894111,184.21312,0.831826,49720,0.748193,874.091,Besni
61861,345.94365,235.430468,0.732706,67390,0.70228,1063.621,Besni
84855,420.350624,275.881012,0.75449,90768,0.673805,1172.642,Besni
127292,639.850635,258.381945,0.91484,129101,0.534715,1496.062,Besni
125968,522.543776,308.047596,0.807757,129444,0.739579,1414.078,Besni
48488,275.337717,226.802199,0.566991,50103,0.669594,859.326,Besni
84774,416.28145,264.098993,0.772985,90393,0.697671,1209.582,Besni
78921,376.987817,268.832612,0.701055,82584,0.719924,1144.959,Besni
145235,609.630181,306.608036,0.864321,148876,0.682495,1538.316,Besni
87039,497.058056,236.212773,0.879866,96247,0.636981,1271.343,Besni
181126,949.662672,293.386698,0.951082,225592,0.414154,2352.029,Besni
142419,580.438197,318.180558,0.836365,145899,0.754858,1512.658,Besni
92619,398.620729,296.882933,0.667315,95666,0.742997,1173.39,Besni
68510,348.400952,252.993004,0.687531,70513,0.670877,1028.839,Besni
48551,302.812835,205.96338,0.733057,50748,0.742824,862.001,Besni
92472,424.419993,282.211505,0.746902,95982,0.746163,1204.61,Besni
100928,465.17992,287.015714,0.786964,105549,0.686193,1310.51,Besni
96920,447.595104,277.43591,0.784731,100285,0.687259,1229.91,Besni
96762,457.477488,277.38678,0.795206,101717,0.788683,1248.75,Besni
151908,594.182801,328.568058,0.833198,155600,0.721208,1560.016,Besni
75368,387.852316,250.584522,0.763268,77706,0.735097,1078.409,Besni
168269,614.380432,353.4663,0.817927,173527,0.756241,1641.456,Besni
99333,422.87694,302.209573,0.699481,101942,0.720765,1191.348,Besni
102722,416.898937,317.542803,0.647956,107169,0.72442,1261.988,Besni
104468,542.178172,250.063079,0.887286,108119,0.646933,1360.497,Besni
73699,408.585555,231.142084,0.824602,76106,0.703181,1079.578,Besni
71918,448.527727,207.751236,0.886262,75002,0.696374,1091.499,Besni
127933,560.722676,294.662559,0.850791,130766,0.667778,1426.6,Besni
73294,445.24612,217.620241,0.872416,76157,0.654434,1147.6,Besni
189069,679.489307,357.047256,0.850816,195810,0.612143,1831.909,Besni
159064,570.216905,368.220685,0.763544,165584,0.781964,1563.83,Besni
120818,492.606537,315.20135,0.768488,123230,0.672032,1311.522,Besni
59890,402.415719,194.668836,0.875206,61673,0.719711,1034.144,Besni
137593,558.058751,316.712838,0.823355,142114,0.677765,1478.596,Besni
166654,607.996465,349.658989,0.818083,169060,0.753518,1574.164,Besni
55858,298.858859,239.899399,0.596359,58630,0.681453,915.13,Besni
105308,473.313393,284.170622,0.799711,108094,0.787014,1259.934,Besni
67468,424.563654,207.823052,0.872004,70674,0.611694,1105.042,Besni
132680,549.865278,308.392291,0.827917,136612,0.650654,1453.895,Besni
154197,582.612179,343.260213,0.808006,160008,0.762219,1555.816,Besni
225043,740.003743,390.300858,0.849598,229195,0.744187,1853.893,Besni
66613,433.194164,199.814734,0.887266,70454,0.708951,1085.157,Besni
141559,594.114431,306.310002,0.856845,146674,0.76449,1530.598,Besni
77622,460.142902,226.581322,0.87036,82990,0.651213,1205.141,Besni
179668,690.433416,332.553258,0.876359,181954,0.779403,1681.985,Besni
105091,507.685116,268.087343,0.849208,108296,0.700271,1295.591,Besni
66938,356.323284,248.674245,0.716206,69880,0.708661,1022.705,Besni
97494,451.782766,278.280008,0.787778,101878,0.689696,1254.755,Besni
101770,468.6679,279.81291,0.802212,103475,0.785178,1233.824,Besni
88338,504.482197,227.127509,0.892918,90790,0.727157,1230.493,Besni
119336,563.546326,275.355769,0.872501,125523,0.668156,1469.764,Besni
126019,520.680034,316.189875,0.794501,130948,0.694511,1422.242,Besni
154498,621.35154,318.597731,0.858538,159694,0.750049,1585.782,Besni
82632,471.366716,227.393182,0.875944,87501,0.633079,1243.987,Besni
218459,571.289203,492.275279,0.507432,228259,0.731974,1947.46,Besni
150420,607.709674,316.809724,0.853363,153905,0.642409,1557.266,Besni
110296,487.691159,289.92483,0.804107,113271,0.6871,1316.112,Besni
171264,609.643147,359.224572,0.80796,174156,0.771738,1592.095,Besni
110936,500.931342,286.252386,0.820644,113888,0.732396,1319.435,Besni
54502,346.457978,204.081212,0.808096,56464,0.636111,927.283,Besni
142415,532.08413,342.420733,0.765407,144862,0.770644,1449.803,Besni
94282,494.16296,244.803889,0.86867,97707,0.702386,1269.68,Besni
68799,356.567808,253.254696,0.703943,71879,0.700929,1041.27,Besni
79058,454.437216,236.964252,0.853285,82555,0.578256,1175.034,Besni
85646,469.774755,238.539384,0.86149,92673,0.681044,1226.892,Besni
107486,462.813134,296.091238,0.768571,108914,0.759967,1235.078,Besni
149703,637.87303,304.622532,0.878599,154549,0.593805,1596.356,Besni
187391,660.655588,362.315007,0.836205,189799,0.713947,1682.478,Besni
115272,511.472036,291.591349,0.821574,119773,0.62476,1392.653,Besni
83248,430.077308,247.838695,0.817263,85839,0.668793,1129.072,Besni
87350,440.735698,259.293149,0.808629,90899,0.636476,1214.252,Besni
99657,431.706981,298.837323,0.721684,106264,0.741099,1292.828,Besni
93523,476.344094,254.176054,0.845739,97653,0.658798,1258.548,Besni
85609,512.081774,215.271976,0.907345,89197,0.63202,1272.862,Besni
